{
  "hash": "d0bd4755",
  "configHash": "8cc64b97",
  "lockfileHash": "9dbd080a",
  "browserHash": "0f3fa202",
  "optimized": {
    "@angular/common": {
      "src": "../../../../../../node_modules/@angular/common/fesm2022/common.mjs",
      "file": "@angular_common.js",
      "fileHash": "5afc6461",
      "needsInterop": false
    },
    "@angular/common/http": {
      "src": "../../../../../../node_modules/@angular/common/fesm2022/http.mjs",
      "file": "@angular_common_http.js",
      "fileHash": "9ecd3185",
      "needsInterop": false
    },
    "@angular/core": {
      "src": "../../../../../../node_modules/@angular/core/fesm2022/core.mjs",
      "file": "@angular_core.js",
      "fileHash": "f9273855",
      "needsInterop": false
    },
    "@angular/forms": {
      "src": "../../../../../../node_modules/@angular/forms/fesm2022/forms.mjs",
      "file": "@angular_forms.js",
      "fileHash": "d69c3383",
      "needsInterop": false
    },
    "@angular/platform-browser": {
      "src": "../../../../../../node_modules/@angular/platform-browser/fesm2022/platform-browser.mjs",
      "file": "@angular_platform-browser.js",
      "fileHash": "8c964a1e",
      "needsInterop": false
    },
    "@angular/router": {
      "src": "../../../../../../node_modules/@angular/router/fesm2022/router.mjs",
      "file": "@angular_router.js",
      "fileHash": "957b4b7f",
      "needsInterop": false
    },
    "zone.js": {
      "src": "../../../../../../node_modules/zone.js/fesm2015/zone.js",
      "file": "zone__js.js",
      "fileHash": "be8e89e6",
      "needsInterop": true
    }
  },
  "chunks": {
    "chunk-APANHMFK": {
      "file": "chunk-APANHMFK.js"
    },
    "chunk-3VPYXQSR": {
      "file": "chunk-3VPYXQSR.js"
    },
    "chunk-LCE63ZUZ": {
      "file": "chunk-LCE63ZUZ.js"
    },
    "chunk-AGCF4D2E": {
      "file": "chunk-AGCF4D2E.js"
    },
    "chunk-HC7H25WX": {
      "file": "chunk-HC7H25WX.js"
    },
    "chunk-GOMI4DH3": {
      "file": "chunk-GOMI4DH3.js"
    }
  }
}